{"accuracy": 0.8055555555555556, "precision": 0.9333333333333333, "recall": 0.7, "f1_score": 0.8}